상품번호,코디 페이지 링크,코디 사진 링크,업로드 날짜,코디 이름,조회수,댓글수,성별
25119,https://www.musinsa.com/app/styles/views/25119,//image.musinsa.com/images/style/list/2022020916423400000040061.jpg,22.02.10,화사한 분위기,1607,0,woman
25096,https://www.musinsa.com/app/styles/views/25096,//image.musinsa.com/images/style/list/2022020913472400000022820.jpg,22.02.09,사랑스러워,1877,0,woman
25095,https://www.musinsa.com/app/styles/views/25095,//image.musinsa.com/images/style/list/2022020913451600000066533.jpg,22.02.09,분위기 끝판왕,1032,0,woman
25093,https://www.musinsa.com/app/styles/views/25093,//image.musinsa.com/images/style/list/2022020913392800000013150.jpg,22.02.09,화사하게 완성,851,0,woman
25058,https://www.musinsa.com/app/styles/views/25058,//image.musinsa.com/images/style/list/2022020713005400000034316.jpg,22.02.07,이렇게 입어줘!,1910,0,woman
25057,https://www.musinsa.com/app/styles/views/25057,//image.musinsa.com/images/style/list/2022020712580600000017287.jpg,22.02.07,차분한 분위기,1305,0,woman
25054,https://www.musinsa.com/app/styles/views/25054,//image.musinsa.com/images/style/list/2022020712520600000044954.jpg,22.02.07,블루 활용법,1096,0,woman
25034,https://www.musinsa.com/app/styles/views/25034,//image.musinsa.com/images/style/list/2022020312055700000093971.jpg,22.02.03,데이트 룩 추천,3047,0,woman
25022,https://www.musinsa.com/app/styles/views/25022,//image.musinsa.com/images/style/list/2022020311374200000019148.jpg,22.02.03,특별한 날엔,641,0,woman
24731,https://www.musinsa.com/app/styles/views/24731,//image.musinsa.com/images/style/list/2022011315561300000085816.jpg,22.01.13,포근한 분위기,1816,0,woman
24725,https://www.musinsa.com/app/styles/views/24725,//image.musinsa.com/images/style/list/2022011315290500000021919.jpg,22.01.13,언제나 예뻐,1315,0,woman
24724,https://www.musinsa.com/app/styles/views/24724,//image.musinsa.com/images/style/list/2022011315240200000099545.jpg,22.01.13,빛나는 하루,1110,0,woman
24631,https://www.musinsa.com/app/styles/views/24631,//image.musinsa.com/images/style/list/2022010615403500000023285.jpg,22.01.06,포근한 느낌,1576,0,woman
24586,https://www.musinsa.com/app/styles/views/24586,//image.musinsa.com/images/style/list/2022010415345900000057034.jpg,22.01.05,화사한 겨울,1459,0,woman
24581,https://www.musinsa.com/app/styles/views/24581,//image.musinsa.com/images/style/list/2022010415252800000047943.jpg,22.01.05,겨울 톤온톤,2036,0,woman
24580,https://www.musinsa.com/app/styles/views/24580,//image.musinsa.com/images/style/list/2022010415231100000031577.jpg,22.01.05,미니멀 감성,1157,0,woman
24497,https://www.musinsa.com/app/styles/views/24497,//image.musinsa.com/images/style/list/2021123014462800000076242.jpg,21.12.30,멋스러운 디테일,1808,0,woman
24496,https://www.musinsa.com/app/styles/views/24496,//image.musinsa.com/images/style/list/2021123014435800000067422.jpg,21.12.30,우아한 매력,1469,0,woman
24495,https://www.musinsa.com/app/styles/views/24495,//image.musinsa.com/images/style/list/2021123014414700000092521.jpg,21.12.30,넘치는 분위기,782,0,woman
24305,https://www.musinsa.com/app/styles/views/24305,//image.musinsa.com/images/style/list/2021121910080800000011959.jpg,21.12.20,빛나는 셋업,1706,0,woman
24304,https://www.musinsa.com/app/styles/views/24304,//image.musinsa.com/images/style/list/2021121910052100000057964.jpg,21.12.20,특별한 날,1672,0,woman
24303,https://www.musinsa.com/app/styles/views/24303,//image.musinsa.com/images/style/list/2021121910025200000058434.jpg,21.12.20,포근한 느낌,1666,0,woman
24280,https://www.musinsa.com/app/styles/views/24280,//image.musinsa.com/images/style/list/2021121610555900000068723.jpg,21.12.16,담백한 무드,3121,0,woman
24267,https://www.musinsa.com/app/styles/views/24267,//image.musinsa.com/images/style/list/2021121610154200000053955.jpg,21.12.16,트렌디한 감각,1906,0,woman
24238,https://www.musinsa.com/app/styles/views/24238,//image.musinsa.com/images/style/list/2021121417021800000017347.jpg,21.12.15,겨울에도 화사하게,2707,0,woman
24150,https://www.musinsa.com/app/styles/views/24150,//image.musinsa.com/images/style/list/2021121015083100000000041.jpg,21.12.10,탐나는 조합,2001,0,woman
24030,https://www.musinsa.com/app/styles/views/24030,//image.musinsa.com/images/style/list/2021120215024800000065062.jpg,21.12.03,귀여운 실루엣,2843,0,woman
23820,https://www.musinsa.com/app/styles/views/23820,//image.musinsa.com/images/style/list/2021111909301800000000886.jpg,21.11.19,따뜻한 분위기,990,0,woman
23654,https://www.musinsa.com/app/styles/views/23654,//image.musinsa.com/images/style/list/2021110815052300000046829.jpg,21.11.08,설레는 하루,6451,0,woman
23651,https://www.musinsa.com/app/styles/views/23651,//image.musinsa.com/images/style/list/2021110814580200000080672.jpg,21.11.08,분위기에 끌려,3767,0,woman
23648,https://www.musinsa.com/app/styles/views/23648,//image.musinsa.com/images/style/list/2021110814510800000036691.jpg,21.11.08,파스텔 활용법,1305,0,woman
23647,https://www.musinsa.com/app/styles/views/23647,//image.musinsa.com/images/style/list/2021110814453400000006711.jpg,21.11.08,예쁨 주의보,1942,0,woman
23646,https://www.musinsa.com/app/styles/views/23646,//image.musinsa.com/images/style/list/2021110814431200000000530.jpg,21.11.08,로맨틱 무드,1275,0,woman
23514,https://www.musinsa.com/app/styles/views/23514,//image.musinsa.com/images/style/list/2021110216060200000035517.jpg,21.11.03,모노 톤 연출법,3217,0,woman
23496,https://www.musinsa.com/app/styles/views/23496,//image.musinsa.com/images/style/list/2021110116193500000058812.jpg,21.11.01,설레는 데이트,2417,0,woman
23493,https://www.musinsa.com/app/styles/views/23493,//image.musinsa.com/images/style/list/2021110116124000000012430.jpg,21.11.01,볼수록 매력적,1490,0,woman
23485,https://www.musinsa.com/app/styles/views/23485,//image.musinsa.com/images/style/list/2021102914312900000063918.jpg,21.10.29,화사함에 반해,2514,0,woman
23484,https://www.musinsa.com/app/styles/views/23484,//image.musinsa.com/images/style/list/2021102914292900000038289.jpg,21.10.29,시선을 끄는,1484,0,woman
23428,https://www.musinsa.com/app/styles/views/23428,//image.musinsa.com/images/style/list/2021102715010700000007631.jpg,21.10.27,로맨틱한 하루,1793,0,woman
23425,https://www.musinsa.com/app/styles/views/23425,//image.musinsa.com/images/style/list/2021102714484200000056045.jpg,21.10.27,분위기 끝판왕,1728,0,woman
23386,https://www.musinsa.com/app/styles/views/23386,//image.musinsa.com/images/style/list/2021102515372600000028576.jpg,21.10.25,차분한 분위기,2199,0,woman
23383,https://www.musinsa.com/app/styles/views/23383,//image.musinsa.com/images/style/list/2021102515311700000067389.jpg,21.10.25,분위기에 취해,1259,0,woman
23319,https://www.musinsa.com/app/styles/views/23319,//image.musinsa.com/images/style/list/2021102112052600000092145.jpg,21.10.25,볼수록 예쁘다,3963,0,woman
23317,https://www.musinsa.com/app/styles/views/23317,//image.musinsa.com/images/style/list/2021102112001100000090215.jpg,21.10.25,여신 분위기,3448,0,woman
23287,https://www.musinsa.com/app/styles/views/23287,//image.musinsa.com/images/style/list/2021102013550300000053666.jpg,21.10.20,가을 색감,1332,0,woman
23249,https://www.musinsa.com/app/styles/views/23249,//image.musinsa.com/images/style/list/2023020820102800000034870.jpg,21.10.15,단정한 실루엣,4122,0,woman
23171,https://www.musinsa.com/app/styles/views/23171,//image.musinsa.com/images/style/list/2021101214503500000012467.jpg,21.10.13,트렌치코트 잘 입기,2003,0,woman
23170,https://www.musinsa.com/app/styles/views/23170,//image.musinsa.com/images/style/list/2021101214482600000050355.jpg,21.10.13,데이트 하는 날,3315,0,woman
23141,https://www.musinsa.com/app/styles/views/23141,//image.musinsa.com/images/style/list/2021100814550800000009287.jpg,21.10.11,심쿵 포인트,4494,0,woman
23138,https://www.musinsa.com/app/styles/views/23138,//image.musinsa.com/images/style/list/2021100814501200000065900.jpg,21.10.11,우아한 실루엣,3775,0,woman
23126,https://www.musinsa.com/app/styles/views/23126,//image.musinsa.com/images/style/list/2021100812032900000075742.jpg,21.10.11,레이어드 끝판왕,2507,0,woman
23014,https://www.musinsa.com/app/styles/views/23014,//image.musinsa.com/images/style/list/2021092715202200000045318.jpg,21.09.27,돋보이는 스타일,2730,0,woman
23013,https://www.musinsa.com/app/styles/views/23013,//image.musinsa.com/images/style/list/2021092715164000000076026.jpg,21.09.27,우아한 매력,1600,0,woman
22913,https://www.musinsa.com/app/styles/views/22913,//image.musinsa.com/images/style/list/2021091714090000000048126.jpg,21.09.17,추석맞이 한복 코디,3750,0,woman
22912,https://www.musinsa.com/app/styles/views/22912,//image.musinsa.com/images/style/list/2021091714071300000041144.jpg,21.09.17,단아한 멋,3852,0,woman
22890,https://www.musinsa.com/app/styles/views/22890,//image.musinsa.com/images/style/list/2021091712590900000031213.jpg,21.09.17,트위드의 계절,1959,0,woman
20225,https://www.musinsa.com/app/styles/views/20225,//image.musinsa.com/images/style/list/2021031209343000000084860.jpg,21.03.12,돋보이는 분위기,1468,0,woman
20080,https://www.musinsa.com/app/styles/views/20080,//image.musinsa.com/images/style/list/2021030311422900000016237.jpg,21.03.03,우아한 실루엣,1442,0,woman
19824,https://www.musinsa.com/app/styles/views/19824,//image.musinsa.com/images/style/list/2021021510062800000097465.jpg,21.02.15,핑크 코트 연출법,983,0,woman
19823,https://www.musinsa.com/app/styles/views/19823,//image.musinsa.com/images/style/list/2021021510051300000000583.jpg,21.02.15,강렬한 포인트!,794,0,woman
